,normal,uniform,binomial
2020-01-01,1.9517671130813679,0.04583844935439352,0
2020-01-02,0.3194707779178136,0.016789939869889525,0
2020-01-03,-0.08757804332369497,0.9011233843952066,0
2020-01-04,0.4976705733770338,0.1904597671873356,0
2020-01-05,0.6029190625920124,0.5904731899565122,1
2020-01-06,1.953988149968038,0.1407082117769377,0
2020-01-07,2.824038930621835,0.7446288093091424,1
2020-01-08,0.5071733886310387,0.15190780195388376,0
2020-01-09,1.1122730360517554,0.41889777745145607,0
2020-01-10,0.5283781430770004,0.03255634489979653,0
2020-01-11,0.08847784842032903,0.42576296815618975,1
2020-01-12,-1.2913346755363417,0.5574801733152633,0
2020-01-13,0.1418036805632054,0.4763975210258248,0
2020-01-14,-0.34382013046328364,0.9194534601519525,1
2020-01-15,0.2948999069508782,0.877335244844419,0
2020-01-16,0.6208736264992011,0.8114822556985771,0
2020-01-17,0.2147832741447429,0.41901250237670307,1
2020-01-18,2.0858244408547275,0.012035025653568843,1
2020-01-19,1.8071490397661496,0.6118075164782917,1
2020-01-20,0.024261299202577295,0.6816367684200881,1
2020-01-21,-1.3894853336533115,0.47840161793731883,0
2020-01-22,0.3584654777686045,0.3672549370967022,0
2020-01-23,1.1504698453118758,0.6550354341031623,0
2020-01-24,-0.6964232499735257,0.9505673282471129,0
2020-01-25,0.9385867606397895,0.23302660614373283,0
2020-01-26,1.4666830607831538,0.7359232408319994,0
2020-01-27,-0.6839499582776536,0.5574244223852589,0
2020-01-28,-1.41853878237789,0.21679907306508184,0
2020-01-29,-0.9513710613371777,0.7175680469363686,0
2020-01-30,-1.7144462822556656,0.6482622362971696,1
2020-01-31,-1.7725033880872865,0.3762790664177029,0
2020-02-01,1.0163766860470649,0.8196983992671707,1
2020-02-02,0.8950154131877213,0.8093627888311951,0
2020-02-03,-0.47518853863691884,0.9134107039623436,0
2020-02-04,-0.1000674032523323,0.14366445136364148,0
2020-02-05,-0.8282422173964331,0.9424394392496591,0
2020-02-06,-0.4969685723493003,0.7765730284583482,0
2020-02-07,-1.3253415292650834,0.7566188811710854,0
2020-02-08,0.34653795717354996,0.25312431820552017,0
2020-02-09,0.2369226321751939,0.2274977716939528,0
2020-02-10,1.9488328259600465,0.44392835643799866,0
2020-02-11,-0.7517597627800761,0.39130760200370596,0
2020-02-12,-0.30625947138412085,0.847758303205059,0
2020-02-13,0.13039876573052062,0.9852923135981113,0
2020-02-14,-0.08553142232469176,0.2506214311833971,0
2020-02-15,1.5840614663588923,0.1493435149524297,0
2020-02-16,1.5557868259503447,0.7436747231053739,0
2020-02-17,-0.5347062761841899,0.006565035856075041,1
2020-02-18,-0.8156337361269281,0.9076315084171067,0
2020-02-19,1.227371143691135,0.24856431383093158,0
2020-02-20,0.33368416332969836,0.651397270541332,0
2020-02-21,-0.8153068317708375,0.7948036168682691,0
2020-02-22,0.6238111205351325,0.6271337584003112,1
2020-02-23,-0.3632872819203094,0.7897877748743563,0
2020-02-24,1.6275463214003099,0.8209983663914987,0
2020-02-25,-0.2686910895261584,0.33850968684808747,1
2020-02-26,0.9413861901781282,0.5598955662107068,0
2020-02-27,-0.8870238345606779,0.9058221817593789,0
2020-02-28,1.528342915463994,0.19576518692248823,1
2020-02-29,0.04798232751724148,0.9663016687966527,0
2020-03-01,-1.0955166496511828,0.2540719367122225,0
2020-03-02,0.38095585199757337,0.9188265707166186,0
2020-03-03,-0.12755869807087686,0.5916509530361879,0
2020-03-04,1.2487678189647642,0.20870082588764893,0
2020-03-05,0.7952818188516532,0.48741792171467435,1
2020-03-06,-1.4337249238051266,0.5234188673116726,0
2020-03-07,1.2661233997351669,0.5798845267524765,0
2020-03-08,-3.0129039077874253,0.610214241210333,0
2020-03-09,0.10155369563006471,0.21866136872349695,0
2020-03-10,0.24120256768184317,0.028349949930976948,0
2020-03-11,-0.25323891247618524,0.39879348245609214,0
2020-03-12,0.36857103162615634,0.36727874425333107,1
2020-03-13,1.4351121633307702,0.33943131901883516,1
2020-03-14,1.081028651411096,0.9123891983979636,0
2020-03-15,1.0086815212095288,0.7332512252181647,0
2020-03-16,-0.5656606405430277,0.3099968203126512,0
2020-03-17,0.4936300580351092,0.7842106477366413,1
2020-03-18,-1.0160520958738066,0.7994205463573141,0
2020-03-19,-0.6155962985746922,0.08974620502942521,0
2020-03-20,-1.5192706175422137,0.7968038080905101,0
2020-03-21,0.7190368029620646,0.002157939903417061,0
2020-03-22,1.5305485573917705,0.28881152308183333,0
2020-03-23,0.21275304091142289,0.68869377451907,0
2020-03-24,-0.06178059011348038,0.3457588263647764,0
2020-03-25,-0.4629947061002986,0.09281746749822939,0
2020-03-26,0.6826964670433593,0.6841727200790345,0
2020-03-27,0.8713950172973203,0.16886832034402965,0
2020-03-28,-0.17905818915111232,0.7137711612896868,0
2020-03-29,0.4178146372485481,0.9539072790210688,1
2020-03-30,0.9730458129403828,0.31104479272968166,0
2020-03-31,0.13328616846987426,0.1642813825104773,0
2020-04-01,0.5113552635724471,0.008103650738111146,0
2020-04-02,1.743962595094486,0.3926252584480744,0
2020-04-03,2.0378507123749436,0.8285542631915767,0
2020-04-04,-0.22367377059887045,0.5280699295441446,0
2020-04-05,-1.2663873175495772,0.9747695793224157,0
2020-04-06,-0.6910300044467885,0.8609367562921365,1
2020-04-07,-0.7053949842908411,0.5662497594618741,1
2020-04-08,0.9041878402115857,0.443143585480542,0
2020-04-09,0.3614987226085136,0.7947254609232367,0
2020-04-10,-0.036628291852094604,0.8565624520690068,0
2020-04-11,0.40048227089637733,0.3272698057686425,0
2020-04-12,2.6408657342351574,0.08788694925445562,0
2020-04-13,1.748691970061955,0.25602471672141724,0
2020-04-14,-1.7395852206265137,0.7264102796792737,0
2020-04-15,1.7161717661445635,0.5380985431450724,0
2020-04-16,1.4017893536178927,0.8767095372269011,0
2020-04-17,-1.0563160525454933,0.8424543401454532,0
2020-04-18,0.07048642482807514,0.8994578379039216,0
2020-04-19,0.4062655477403336,0.5033537788807166,0
2020-04-20,-1.915114779180073,0.4273121074378182,1
2020-04-21,-0.06663950120609884,0.5325976722177399,0
2020-04-22,-1.1756125586822923,0.49517814696790874,0
2020-04-23,0.8821646891816,0.26729802612163633,0
2020-04-24,2.3407499225433823,0.6093655901883038,0
2020-04-25,1.096134248536562,0.05823852604705326,0
2020-04-26,0.8040771182468002,0.8288503458625743,0
2020-04-27,-2.152574743594874,0.6651323790806799,0
2020-04-28,0.9735508740943576,0.09287126186791794,0
2020-04-29,-0.34818386823611136,0.2969891345010992,0
2020-04-30,0.1449157524580779,0.5371336914447663,0
2020-05-01,0.5862344204106573,0.7612130455741155,0
2020-05-02,1.1716576800060796,0.5951177782827636,1
2020-05-03,-1.2785555826718742,0.29177163225854996,0
2020-05-04,-1.3663116298996387,0.9384627297520395,0
2020-05-05,0.40347833732362526,0.2778911819298582,0
2020-05-06,1.244012697220052,0.7307749450696024,0
2020-05-07,0.8964347569949938,0.8358316858843078,1
2020-05-08,0.22714770013375002,0.6096516532688756,0
2020-05-09,0.5291878169438734,0.2652421298715264,0
2020-05-10,1.3179197002982819,0.30715359169201595,0
2020-05-11,0.3968080206087558,0.3215447221995107,0
2020-05-12,1.136155917100899,0.1959505434965324,0
2020-05-13,-0.14045111539002889,0.6216115929831523,0
2020-05-14,-0.4550048982383935,0.26862032260294966,0
2020-05-15,-0.4436513864191313,0.6023267542532502,0
2020-05-16,0.97997429851059,0.701053781770435,0
2020-05-17,-0.09877336761352273,0.6951097811827448,1
2020-05-18,-0.1829537102419846,0.07125489503186344,0
2020-05-19,-1.704056220339017,0.48721731683064606,0
2020-05-20,-0.5223554551200813,0.01841603058420971,0
2020-05-21,-0.4251955943140427,0.9483507280075484,0
2020-05-22,-1.1287657954656176,0.8811226866165479,0
2020-05-23,0.17853986303153932,0.24603550925191953,1
2020-05-24,1.0102834923997601,0.8883437385846079,0
2020-05-25,-0.3904830473619452,0.28701187491394975,0
2020-05-26,0.663463330047401,0.04950069651831468,1
2020-05-27,-1.2525344949899673,0.10968250244512423,0
2020-05-28,0.8144631617648638,0.9891380116917738,1
2020-05-29,0.3430106188378008,0.13174044547956543,0
2020-05-30,0.8354668992218147,0.9794715201067454,0
2020-05-31,1.0486920179875707,0.33625584734638825,1
2020-06-01,2.2427468770027295,0.676620977719509,0
2020-06-02,-0.45943285919264776,0.029655959971911283,0
2020-06-03,0.24661052876769915,0.3066251452378381,0
2020-06-04,-0.3831313831774564,0.6185576096790448,1
2020-06-05,1.7137011062242151,0.6040871995841599,0
2020-06-06,0.3035145283047881,0.1887081992573132,0
2020-06-07,0.18507159486287392,0.3942004979624121,0
2020-06-08,-0.4505907551173406,0.4469554293315319,0
2020-06-09,0.11581407267937158,0.5202904533229191,0
2020-06-10,-1.0455792462786897,0.2567182362996524,0
2020-06-11,0.9910867599061376,0.6429927400733721,0
2020-06-12,-0.8059379541704615,0.32353360569127476,0
2020-06-13,-0.5013527557967458,0.7836208056784026,0
2020-06-14,-1.2514414897388582,0.7749314417237875,0
2020-06-15,0.32834688740955675,0.02242649551547804,0
2020-06-16,0.06682970231413313,0.11650220302361192,0
2020-06-17,-0.6538163596107665,0.09942003062541493,0
2020-06-18,1.3174835738329747,0.07518989614524973,0
2020-06-19,-1.7479881633309846,0.8246761904232546,0
2020-06-20,-0.14714789746687668,0.42583781644651597,0
2020-06-21,-2.067156409387001,0.6222176925771064,0
2020-06-22,0.2818861366821176,0.4465823698727708,0
2020-06-23,-0.6503432826266814,0.8374661199552597,0
2020-06-24,0.8599477863232938,0.4232032361618788,1
2020-06-25,0.38744449399183234,0.6039233638030246,0
2020-06-26,0.10241693256418023,0.5800857422134501,0
2020-06-27,0.21775591770412972,0.11897145348405147,0
2020-06-28,-1.4873112652444347,0.5886082148061221,1
2020-06-29,0.4580100882136252,0.8678047071746089,1
2020-06-30,1.642762219215666,0.8316020370903163,0
2020-07-01,1.71329271323597,0.6205149776871229,0
2020-07-02,-0.1909776065046945,0.6940929215169572,0
2020-07-03,-0.2611893789382169,0.8680109296198313,0
2020-07-04,0.2604305234920044,0.05846495007556862,0
2020-07-05,-0.017612034957076046,0.2637027769392807,0
2020-07-06,-0.35005988627823303,0.4236334056920549,1
2020-07-07,-0.818120155267964,0.29320470005714383,0
2020-07-08,-0.8452173268967216,0.41916900258086776,0
2020-07-09,0.7395482288887718,0.3791824841036916,1
2020-07-10,-1.2651736356034773,0.269514091314895,0
2020-07-11,-0.40215586461132924,0.9658463367895053,0
2020-07-12,1.3003735043307652,0.5872906288502379,0
2020-07-13,0.8858849142664396,0.10253812599504186,0
2020-07-14,1.5396325735750307,0.34299518192636,1
2020-07-15,0.4009317939140434,0.39476483276598295,0
2020-07-16,-1.790524110975895,0.36730723703269597,1
2020-07-17,0.32253523893413044,0.0820036891879049,0
2020-07-18,0.4379899853126895,0.46225156494341446,0
2020-07-19,-0.07071376045640142,0.2831256098471112,0
2020-07-20,-0.937685921127987,0.6274360782380974,0
2020-07-21,-0.8788964191535801,0.39516232244147675,0
2020-07-22,0.320326842637297,0.5191833157772351,1
2020-07-23,-0.4273540703376449,0.7268805372497233,0
2020-07-24,1.2166122694603299,0.5541195043362607,1
2020-07-25,-0.16926989604510098,0.9377467315854042,1
2020-07-26,-1.1763346181851284,0.0778734048604025,0
2020-07-27,0.7807426387935233,0.059497426226651884,0
2020-07-28,-1.0731368883140342,0.04633048536501838,0
2020-07-29,-1.5179269956993535,0.19491341906123294,1
2020-07-30,-0.40818097538113235,0.6781102356037912,0
2020-07-31,-0.6846657950596653,0.02968140205432057,1
2020-08-01,-0.9044247120194344,0.9158755222611715,0
2020-08-02,0.510068383721525,0.19442348036998558,0
2020-08-03,0.19409135091235197,0.09290710640616284,0
2020-08-04,-0.047442649588961286,0.0435064580396618,0
2020-08-05,0.20090461523770928,0.6407166771434307,0
2020-08-06,0.7636759658070676,0.38261734059005614,0
2020-08-07,1.6366635524314597,0.8614235335600695,0
2020-08-08,-0.8637465660584316,0.4995816650781554,0
2020-08-09,-0.3841421319700774,0.3621118905306753,0
2020-08-10,-1.9974755308535461,0.20065328389196213,0
2020-08-11,0.0700428372826539,0.5203682696859451,0
2020-08-12,1.7643888726452712,0.4356668809220985,0
2020-08-13,-0.3491633023417338,0.23569551981936743,0
2020-08-14,1.4710045735324715,0.7005840620580676,1
2020-08-15,0.6222401232784885,0.6794908650119135,0
2020-08-16,-0.6806412331974954,0.9433607643356354,0
2020-08-17,-0.7791301832920683,0.34399503800931897,0
2020-08-18,-0.8859900389648955,0.42296373497840467,1
2020-08-19,-0.3681128473613988,0.6194659855754545,0
2020-08-20,-0.08092149812660991,0.4470975645112242,0
2020-08-21,-0.7108329887830785,0.9930878967963442,0
2020-08-22,0.6854207307158883,0.3681808172823591,0
2020-08-23,0.30176914432922125,0.37810365064648677,1
2020-08-24,1.0202401854878036,0.7260468547015826,0
2020-08-25,-0.37598252721967707,0.6773539391501205,0
2020-08-26,-0.7540613778987696,0.8040454325891419,0
2020-08-27,0.35953134496415695,0.8677375022493597,0
2020-08-28,1.293858656742575,0.9299868299048287,0
2020-08-29,0.9496784972434371,0.8994292442108848,0
2020-08-30,-0.47431813223507824,0.2687457446967042,0
2020-08-31,0.42745859133498065,0.782048482399722,0
2020-09-01,-1.320713775597572,0.422934972143139,1
2020-09-02,-0.527540210430833,0.23281591208782948,0
2020-09-03,1.0569927321962769,0.2780552401710398,0
2020-09-04,0.333547686577355,0.7701451051421824,0
2020-09-05,-0.5802269140136362,0.9718761719510731,0
2020-09-06,-0.008046482463804147,0.5443794630097637,1
2020-09-07,2.551033162615058,0.4916535735006521,0
2020-09-08,-0.6901712253974565,0.5927258732408212,0
2020-09-09,0.5574556473700107,0.2572142325429324,0
2020-09-10,-0.08625026478221681,0.501440468121254,1
2020-09-11,-0.7058012729677201,0.7439680866656044,0
2020-09-12,-1.2004258442938547,0.9522123877885658,0
2020-09-13,-0.3391411882425862,0.8877773618560436,0
2020-09-14,-0.6504873478310087,0.915675427188417,0
2020-09-15,0.19000326174518392,0.5770294889889803,0
2020-09-16,0.6475367524973402,0.2554530625563267,0
2020-09-17,0.3563464770130872,0.03957743640530598,0
2020-09-18,0.1659118857264399,0.5511309451919502,0
2020-09-19,-0.004986908404797245,0.8614278017429357,0
2020-09-20,-0.5115788598143665,0.8259380898759375,0
2020-09-21,-1.6362799897189144,0.42872306178124475,0
2020-09-22,1.4824908726566939,0.5991344810608428,0
2020-09-23,1.6323302069987227,0.47463520633440515,0
2020-09-24,-1.1483384603097169,0.9526984779526515,0
2020-09-25,0.762636215261612,0.6604918043955539,1
2020-09-26,-1.3674279682501842,0.6056806620087465,0
2020-09-27,-0.43084457406672855,0.3305427771709223,0
2020-09-28,0.06993582468109372,0.9712976966824086,0
2020-09-29,-0.6291128194509171,0.10134885378934311,0
2020-09-30,-0.7337576117288708,0.2644179961014903,0
2020-10-01,0.29533277986106526,0.6874229298945804,0
2020-10-02,0.7500732226310367,0.38735418837014335,0
2020-10-03,-3.185022438081418,0.2599358376934129,0
2020-10-04,-1.8137975436260065,0.20322819762256084,0
2020-10-05,0.7387325907705715,0.7868769751909187,0
2020-10-06,0.9097599640796885,0.3383189925391341,0
2020-10-07,0.38387370896404516,0.8400582395028838,1
2020-10-08,1.2299876189188614,0.3324419601614619,0
2020-10-09,1.3553942737249045,0.9648708769904557,0
2020-10-10,-1.4026484383241091,0.6338341203200332,1
2020-10-11,0.39929305094841483,0.7499683086074027,0
2020-10-12,1.7203078943056815,0.1328357260106815,0
2020-10-13,-0.8695191842165108,0.7746392388911686,0
2020-10-14,1.559230775139541,0.4553201140812313,0
2020-10-15,-0.13149787128664106,0.13010657684692184,0
2020-10-16,0.4092247555080526,0.677101152678087,0
2020-10-17,-0.4582816688915894,0.6678366479286905,1
2020-10-18,1.1170653668420945,0.459484271943962,0
2020-10-19,-0.6762032079757603,0.11118246937725496,0
2020-10-20,0.8395464894720566,0.9758663226345057,0
2020-10-21,0.48132215205229906,0.013689837955935147,0
2020-10-22,-0.09731299613080095,0.23735349414466966,0
2020-10-23,-0.6885096582633853,0.5086085838056497,0
2020-10-24,-0.4837717915491113,0.5567473717131551,0
2020-10-25,-0.3551297464370907,0.38642629183773125,0
2020-10-26,-0.7082722333872791,0.5961998352171595,0
2020-10-27,0.34380830408656554,0.07386877034315031,0
2020-10-28,-0.19631616033608223,0.884291917560622,0
2020-10-29,0.5366453242356987,0.02777714161666167,0
2020-10-30,-0.4803157021440591,0.9919136483502583,0
2020-10-31,-1.2351771078817633,0.14588675110441174,0
2020-11-01,-0.11135690057650033,0.364783958889893,1
2020-11-02,0.019318736257888734,0.5725043068844554,0
2020-11-03,-0.9761417102951235,0.5566443314602857,1
2020-11-04,-0.3851434381541588,0.9775542223320246,1
2020-11-05,0.9834170358513701,0.023745662361654207,0
2020-11-06,-0.43542772553636333,0.8820805119428802,0
2020-11-07,-1.4199168628589887,0.6312249956152556,1
2020-11-08,1.1353341818502478,0.9330106741883517,1
2020-11-09,1.1535207162411383,0.310076279309889,0
2020-11-10,0.2985042434839231,0.14127576833498878,0
2020-11-11,-0.7957524276110135,0.3123268877613591,0
2020-11-12,1.4895930013719991,0.9589472884666926,0
2020-11-13,-0.38752475971709255,0.59311780671267,0
2020-11-14,-2.1081583844952307,0.03898117988309635,0
2020-11-15,0.42705750908929657,0.6749721490428229,0
2020-11-16,0.41628020250193376,0.5466601651435541,0
2020-11-17,1.9006675865727427,0.7837449775220637,0
2020-11-18,-0.2670583784867983,0.7341925902838062,0
2020-11-19,1.2139770687086535,0.10815906081082849,1
2020-11-20,-0.6802637943175306,0.5024153694477361,0
2020-11-21,0.07497720149339102,0.477682283911973,0
2020-11-22,-1.4226559790945232,0.5998715222752223,0
2020-11-23,-0.6803449806261566,0.20261961794517902,0
2020-11-24,-0.06782529014970211,0.9354444686934698,0
2020-11-25,1.0547129419583892,0.38778209005341324,0
2020-11-26,1.0402137932532145,0.9013796411056555,0
2020-11-27,-0.4728771331962712,0.12140194299820828,0
2020-11-28,-0.04525146169648111,0.2692600287666198,0
2020-11-29,0.6161960198752819,0.1967653531452337,0
2020-11-30,0.8173958198841752,0.9131929384797972,0
2020-12-01,-0.42657772508512476,0.8655252360251146,0
2020-12-02,1.32316255981217,0.6759692867733984,0
2020-12-03,-1.559964101052888,0.7729303333063924,1
2020-12-04,-0.6323925244484442,0.12737979785173947,0
2020-12-05,1.362909158429794,0.24486862027076994,0
2020-12-06,0.4360275589579079,0.4050000141154816,0
2020-12-07,0.3263426374564354,0.6392748087273058,0
2020-12-08,0.6375582554361283,0.1480464724542565,0
2020-12-09,-0.003904513659782455,0.5425235791593822,0
2020-12-10,-1.7080974032012985,0.11642388085115707,0
2020-12-11,2.0699922849561236,0.5524112066912608,0
2020-12-12,0.5285747919471909,0.04985899555150941,0
2020-12-13,-0.05168776511353737,0.03267296328209568,0
2020-12-14,1.0285875892279506,0.9349796596413109,1
2020-12-15,-1.337170817595133,0.23330236569348384,1
2020-12-16,0.44485463403487446,0.3251343286182212,0
2020-12-17,-0.325853502536644,0.08048828567393806,0
2020-12-18,0.3919500121385571,0.3566273169291032,0
2020-12-19,-0.6164559334240085,0.6689479634352218,0
2020-12-20,1.371493376450009,0.0355362505127883,0
2020-12-21,-0.46837401006528634,0.7043527024293712,0
2020-12-22,1.6801619954200515,0.9994970785638034,0
2020-12-23,-1.002940827208686,0.912152228383087,0
2020-12-24,0.23801670520308682,0.6894690848890535,0
2020-12-25,0.9905733768626096,0.5481648227894989,0
2020-12-26,0.6621849328379296,0.21767704108494246,0
2020-12-27,0.6034670991046891,0.9884360566149304,0
2020-12-28,-1.3267059435465915,0.6130634371475906,0
2020-12-29,0.8126206226535154,0.8532334930300692,0
2020-12-30,-0.8043158885931578,0.4531541622621723,0
2020-12-31,-0.6879362382335041,0.9728098452017845,0
2021-01-01,-1.9441321060958692,0.301654840841556,1
2021-01-02,1.461945821721695,0.7253162810177788,0
2021-01-03,-1.0254030112479582,0.2922602665474404,0
2021-01-04,0.622443489127664,0.9037204979808441,1
2021-01-05,-0.4939634435545722,0.7015341703586949,0
2021-01-06,1.6100686018048962,0.7799246362184016,1
2021-01-07,1.0554721996954703,0.020317320389726445,0
2021-01-08,-1.2966296776780364,0.12723679275341093,0
2021-01-09,-1.544295207289542,0.7345039366050293,0
2021-01-10,0.2717218820807117,0.6620871578278197,0
2021-01-11,0.46822212838001664,0.8160115543987541,0
2021-01-12,2.748110037102909,0.059025472344470975,1
2021-01-13,-0.5231360858610149,0.47818235689894495,0
2021-01-14,-1.0648573114073543,0.6949032161306189,1
2021-01-15,0.6823278486900196,0.6066127352403355,0
2021-01-16,-1.5200079470555141,0.27398614984848024,0
2021-01-17,-1.5500288066672874,0.47494525822215317,0
2021-01-18,0.5651234454609322,0.4942421434051868,0
2021-01-19,-0.2948460467110285,0.7806583193390709,0
2021-01-20,1.5827690506880587,0.9964505414927828,0
2021-01-21,2.327985934189998,0.6813810642474712,0
2021-01-22,-0.11693885338231906,0.7755626962694209,0
2021-01-23,-0.9473929940766196,0.36805747543271616,1
2021-01-24,-0.6526159430780561,0.6609438192955241,1
2021-01-25,0.9370632161822462,0.7157207910920662,0
2021-01-26,1.2261349765131189,0.031377357867282796,0
2021-01-27,-0.02328616606262312,0.7788009329102243,0
2021-01-28,0.05624149869061035,0.514878775211396,0
2021-01-29,-1.1109140487716487,0.0925710100808611,0
2021-01-30,0.10631227689173521,0.8855061688601601,0
2021-01-31,0.31673241495495214,0.96139261554911,0
2021-02-01,0.20040773412206894,0.014058671095838915,1
2021-02-02,0.5789946030493651,0.7485864232196484,0
2021-02-03,-1.1369052379920443,0.8111968576581374,1
2021-02-04,-0.4227624941224349,0.4911785064887729,0
2021-02-05,-1.5517061519443118,0.5099431999538716,0
2021-02-06,-0.3125159515088613,0.7760395526157678,0
2021-02-07,0.22927806558583755,0.9147292608478846,0
2021-02-08,-0.4914333216824075,0.5923161005425547,0
2021-02-09,-3.5032410135084393,0.416890557736483,0
2021-02-10,-0.5381296946034476,0.4705755123615938,1
2021-02-11,1.0514194867705358,0.2523643037429917,0
2021-02-12,0.42415915687767836,0.1480929290328139,0
2021-02-13,1.6364018573018881,0.8326983673340855,0
2021-02-14,0.660523415131634,0.19716572719736736,1
2021-02-15,0.6056943996840085,0.6696718254389108,1
2021-02-16,-1.2764061418868056,0.3895240902073126,1
2021-02-17,-0.2634584466561311,0.28512588609949807,1
2021-02-18,-2.0603035313579814,0.9095476781862063,0
2021-02-19,1.8264576378122723,0.720664849065057,1
2021-02-20,-0.7577160094378715,0.14035909575305616,0
2021-02-21,-0.30378085505750424,0.18865650045239146,1
2021-02-22,0.5736209417554275,0.5077110972948099,0
2021-02-23,-1.9830712591698443,0.2794186542647886,0
2021-02-24,1.26424407313857,0.9650062350651449,0
2021-02-25,0.08481367758019047,0.4288336455216306,0
2021-02-26,0.19780917189141498,0.40931584100313245,0
2021-02-27,-0.2832187844292557,0.5086806320284181,1
2021-02-28,-1.377071274018297,0.04118899205745041,0
2021-03-01,-1.441598442802419,0.6619595157033509,0
2021-03-02,0.41133383943622437,0.3674569117890748,0
2021-03-03,-0.5399110444983539,0.4056755792060338,0
2021-03-04,-0.5658280517167628,0.35978672575674453,0
2021-03-05,-0.14334568306392043,0.26509415034199235,0
2021-03-06,0.08625053340761141,0.18412271079986886,0
2021-03-07,1.9532480938542276,0.09093166484571724,1
2021-03-08,0.029265591422241773,0.09432928723449618,0
2021-03-09,-0.7817826293952737,0.4956855669746256,0
2021-03-10,-0.48168351786629104,0.8725469258286954,0
2021-03-11,-0.5580949065527375,0.9075484831721308,0
2021-03-12,-1.3687718576583905,0.27450675941336866,0
2021-03-13,0.42680863740735797,0.3866049840185971,1
2021-03-14,-1.1911582639885046,0.13126520103223882,0
2021-03-15,-0.7016116879061144,0.9717695947506306,0
2021-03-16,-0.5086748791163495,0.04059464550204528,0
2021-03-17,0.3655166295814159,0.11718411362958148,0
2021-03-18,-1.626624325878675,0.8473618753242269,0
2021-03-19,-0.5048800427219231,0.042981312179317555,0
2021-03-20,0.585359857045039,0.21912474577116492,0
2021-03-21,-0.3067294110280048,0.5222628907668914,0
2021-03-22,1.0842741298560445,0.6215636499668016,0
2021-03-23,1.111175256699816,0.5566035767374224,0
2021-03-24,-1.0262943905021564,0.997537625979618,1
2021-03-25,-0.48652566742761827,0.5624181834246305,0
2021-03-26,1.4646340123044128,0.5247221324693011,0
2021-03-27,-1.5262227990361161,0.3890197935339096,0
2021-03-28,1.5735589408230584,0.9438799279223947,0
2021-03-29,1.791631987790432,0.09038169724979195,0
2021-03-30,-1.2716870914893075,0.6917910702848162,0
2021-03-31,0.493011795159937,0.3799830829623616,0
2021-04-01,2.5260509859447207,0.5929994840826358,0
2021-04-02,1.4979967200440836,0.7154368925395239,0
2021-04-03,0.9569575729592366,0.3434696034347351,0
2021-04-04,1.1028637561330736,0.30508471173525065,0
2021-04-05,-1.485018583980836,0.91206016653521,0
2021-04-06,-0.7940247691778427,0.9979834413420761,0
2021-04-07,1.9478966876315518,0.9320738750210927,0
2021-04-08,0.9202562763964669,0.9442104448144091,1
2021-04-09,0.29106254975110196,0.6073621407864005,0
2021-04-10,-0.47539502502374786,0.5694639425463484,1
2021-04-11,0.010202863155710626,0.2649581455074985,0
2021-04-12,-2.728736595739134,0.5629223486824022,0
2021-04-13,-1.2306050548255019,0.941596189162273,1
2021-04-14,-1.3589095791542598,0.5938111788380696,1
2021-04-15,-0.5010996741769701,0.3537807922120165,0
2021-04-16,0.3172604918545121,0.2620489417066695,1
2021-04-17,-0.9953406517360482,0.6641972206789615,1
2021-04-18,0.6179108162976903,0.8145008275234095,0
2021-04-19,-1.0333329309932877,0.8177048324730672,0
2021-04-20,-1.5542020152345197,0.45735360990030016,1
2021-04-21,0.5507804860443437,0.6162182767306026,0
2021-04-22,1.8777040676395587,0.13513541539335938,0
2021-04-23,-0.15462701846660992,0.1760022148324878,0
2021-04-24,0.8920711720085693,0.5985075015622728,0
2021-04-25,-0.7250210092703891,0.328326035457602,1
2021-04-26,-0.5298136698427255,0.9990529437695486,0
2021-04-27,0.06157824908268515,0.6581656852412334,0
2021-04-28,0.14800575298122598,0.13157244589288453,0
2021-04-29,-1.1609875321647247,0.2996906986320007,0
2021-04-30,-0.6379556636972202,0.07498707764973389,0
2021-05-01,0.5184201987488785,0.6783477411921277,0
2021-05-02,0.5314251622560493,0.6749514243772546,0
2021-05-03,-0.13655068880292112,0.12984889622230833,0
2021-05-04,0.5228719250637999,0.8966194771909913,0
2021-05-05,-0.5917161629643836,0.14137453514286635,1
2021-05-06,-0.8417814147348657,0.761595059688626,1
2021-05-07,1.7384549529832058,0.35545573253737095,0
2021-05-08,-1.1560033469830129,0.8976992870803033,0
2021-05-09,-0.1374716598339607,0.7250001988147938,0
2021-05-10,1.881794281062739,0.9184092530703404,0
2021-05-11,0.5276895174812547,0.1626187415368474,0
2021-05-12,-0.13856275066470053,0.7053425537954973,0
2021-05-13,0.15239326538586517,0.76195312609264,0
2021-05-14,-1.117834418877051,0.33379293117289566,0
2021-05-15,-1.0479332291202408,0.5339261523654345,1
2021-05-16,-0.2096110163776621,0.9709779148238568,0
2021-05-17,-1.5609420205508808,0.6418130983128559,0
2021-05-18,0.12328478263007892,0.01722162551503237,0
2021-05-19,0.48119297189022486,0.022110064907882143,1
2021-05-20,-0.7315720128837978,0.5294788400741963,0
2021-05-21,-0.6979380938021373,0.5472696810371388,0
2021-05-22,-0.12411835879670041,0.7551912347265165,0
2021-05-23,-0.8511547834946277,0.2839791107867118,0
2021-05-24,-0.8270971396454939,0.2524472117829454,0
2021-05-25,-0.4722589606110158,0.835697009592182,1
2021-05-26,-2.447000940438599,0.5453357987368537,0
2021-05-27,-0.22760672040193036,0.54560038041935,0
2021-05-28,0.6240640404981338,0.8235490245523005,0
2021-05-29,0.6076196806419435,0.6292355162450499,1
2021-05-30,0.32825656270550047,0.5214719263547867,1
2021-05-31,0.2630288165671365,0.3233489832132692,0
2021-06-01,-0.665466707326437,0.5753602831443608,0
2021-06-02,0.07693535352480947,0.675876124098571,0
2021-06-03,-1.0932654415134386,0.9340010279289745,0
2021-06-04,-1.0913023787595755,0.4066870737140038,1
2021-06-05,-0.6161756880703598,0.1450352623454203,0
2021-06-06,0.4289632384700564,0.5435300923337429,0
2021-06-07,0.9542390064830193,0.890263407769659,0
2021-06-08,1.2649613598587175,0.8672174909735848,0
2021-06-09,1.095980255924813,0.017750441825693075,0
2021-06-10,0.4783413158853104,0.19362513784164737,0
2021-06-11,-0.3064061209815928,0.8797875223608372,0
2021-06-12,0.6522005312646805,0.03820300115786934,1
2021-06-13,-1.3227588877502237,0.6739711498582157,0
2021-06-14,-0.9242563565365428,0.984070414327642,0
2021-06-15,-0.5208265022655858,0.9503270397300623,0
2021-06-16,1.0934036487220977,0.7033984080000507,0
2021-06-17,0.018376168653471744,0.048774941155316665,0
2021-06-18,-0.08783363325470897,0.8173462243388427,1
2021-06-19,-1.6486427064473401,0.17035942623861933,1
2021-06-20,-0.8290949050179258,0.10607210377943188,0
2021-06-21,-1.5458174728516867,0.007197338702229161,1
2021-06-22,1.160446791807294,0.1690743683304231,0
2021-06-23,-1.200768993766784,0.6243146755668764,0
2021-06-24,0.10938017862231698,0.8597269343172151,0
2021-06-25,0.7137284146421017,0.020542336863822785,1
2021-06-26,0.9189396330266818,0.9342443809964405,1
2021-06-27,-0.12981313545018408,0.9931426031208552,0
2021-06-28,0.0670313564905517,0.8128895362427099,0
2021-06-29,-0.20169748396887677,0.4292210510940968,1
2021-06-30,-1.6593961842367004,0.541442482388861,0
2021-07-01,-0.76805445761451,0.07683917155668807,0
2021-07-02,-1.7559350055566776,0.6472991620798313,0
2021-07-03,-1.8368491286966442,0.15870259932808628,0
2021-07-04,-0.5120651211782477,0.3269045763005958,0
2021-07-05,-0.40642430930871815,0.8887089242254553,1
2021-07-06,-0.3064074266445395,0.024148641685663552,0
2021-07-07,-1.5743362844611597,0.21120317305688852,0
2021-07-08,-0.4744300854056795,0.08837197028902566,1
2021-07-09,1.2694773645664224,0.24031512873898164,0
2021-07-10,-1.2708503856311582,0.374754611378306,0
2021-07-11,-0.006675369166077853,0.8596319198376914,1
2021-07-12,1.7884445976623458,0.3881582724528342,0
2021-07-13,-0.5235326896168961,0.6242218879853313,0
2021-07-14,1.551759855623514,0.636180146279483,0
2021-07-15,-0.666104675595946,0.9070931075829636,0
2021-07-16,-0.5527787625065342,0.8777151175368663,0
2021-07-17,-0.10850366230442854,0.019395820917178952,0
2021-07-18,2.340696592894517,0.03196622037506458,0
2021-07-19,0.4944065253659815,0.6263566769513927,0
2021-07-20,-1.100512376358518,0.7642842754074163,0
2021-07-21,-0.4162340408869879,0.4847112598633524,1
2021-07-22,0.29573349079037536,0.22871386348519285,0
2021-07-23,-0.329145228816139,0.27186622125735227,0
2021-07-24,0.6624685902042775,0.429377039852074,0
2021-07-25,0.21886566656942041,0.5390087801039236,0
2021-07-26,0.13403613986258725,0.9509330460090469,1
2021-07-27,-0.09793254307869512,0.10206404786038448,0
2021-07-28,-1.2050716284835357,0.5098085621985744,0
2021-07-29,0.1671850812819474,0.8542031843279353,0
2021-07-30,0.5680849717002275,0.15572680257338345,0
2021-07-31,0.25973287493703856,0.4595675726023305,0
2021-08-01,0.9880179788338872,0.6672794414564269,0
2021-08-02,0.6995904447420059,0.08200889833882685,0
2021-08-03,-0.679473012519344,0.9508770165270938,0
2021-08-04,-1.7230434019455951,0.5359213215265914,0
2021-08-05,0.8534094242301486,0.7093033108958532,0
2021-08-06,-1.4090437316754028,0.7554549097835669,0
2021-08-07,-0.2430483629819106,0.4963314559933669,1
2021-08-08,-1.8077580896694485,0.39679067679437263,0
2021-08-09,-0.09700422639626129,0.3914941412041262,0
2021-08-10,0.03679492829979007,0.15664349049235338,0
2021-08-11,-0.583652249820003,0.9359314233293388,0
2021-08-12,-0.7859378583442752,0.7948603398177961,1
2021-08-13,-0.41158328075719863,0.6951038215651423,1
2021-08-14,-0.21435339104780854,0.25980444724998564,0
2021-08-15,-0.33054462915006544,0.4718880609360734,0
2021-08-16,2.6837656514154262,0.16935697875485456,0
2021-08-17,-0.7046882385473111,0.18563659507661867,0
2021-08-18,-2.2703648901285165,0.6993015352790319,0
2021-08-19,-0.18122003824340152,0.510131576422157,0
2021-08-20,0.4092509823231654,0.10912910909896445,0
2021-08-21,0.7381846646893778,0.9252707595480422,1
2021-08-22,-2.016368783738358,0.09811512241830189,1
2021-08-23,-0.5875373826837423,0.5184840226072002,0
2021-08-24,-0.08298653362423676,0.26523512682856765,0
2021-08-25,0.5271432566324996,0.36397179238202837,0
2021-08-26,-1.8214706117378683,0.5670245293744489,0
2021-08-27,-0.8979774910065768,0.08038332847409113,0
2021-08-28,-0.19842790959724807,0.9251837385394516,1
2021-08-29,1.7411955049559704,0.03301351791804619,1
2021-08-30,1.842308530900869,0.5853806274889545,0
2021-08-31,-1.723933044366691,0.2715767459504599,0
2021-09-01,-1.4334247594256901,0.39794163518687875,0
2021-09-02,-0.8678744850041442,0.6319568280375173,0
2021-09-03,0.6590650665428405,0.44410391139684624,0
2021-09-04,0.2162734457136317,0.26111318099586156,1
2021-09-05,-0.5445934018119176,0.3072543978876867,0
2021-09-06,-0.49694719978187984,0.9955491815882211,0
2021-09-07,0.015992887156956744,0.5692641002746661,0
2021-09-08,0.7145869929718299,0.47083942147714275,0
2021-09-09,0.4888756291873465,0.7127536437079742,1
2021-09-10,-1.661558712569156,0.9748631878970474,0
2021-09-11,0.8260593202786691,0.531096231824731,0
2021-09-12,-0.751325772541438,0.3150754048023593,1
2021-09-13,0.007345458498248566,0.5511719027441276,0
2021-09-14,1.8161265450226851,0.5794427279123859,0
2021-09-15,0.38235257166171316,0.8044141611751655,1
2021-09-16,-0.2874664042086746,0.017028956874815204,0
2021-09-17,0.08978453868457845,0.44457457807693856,1
2021-09-18,-0.3758796914449299,0.11311002168414463,0
2021-09-19,-0.13485596072252057,0.1266413821918254,0
2021-09-20,-1.8227512539295487,0.02232838337382015,0
2021-09-21,1.6700958281116864,0.8231647427959656,0
2021-09-22,0.852668192037446,0.3449831164588981,0
2021-09-23,0.8783861782700274,0.6617261746732159,1
2021-09-24,0.0722854264029675,0.8723239349206537,1
2021-09-25,-0.2464829647572242,0.46721649559913037,0
2021-09-26,-0.20385741041211214,0.4868611239141418,1
2021-09-27,0.15284189236672432,0.23341623107782172,1
2021-09-28,0.8949846493904098,0.7703660100772795,0
2021-09-29,0.043050907563909606,0.06252945662201381,0
2021-09-30,0.9594822628293047,0.26070744496818765,1
2021-10-01,2.5337643061836816,0.08657195575211118,0
2021-10-02,2.1021893535612115,0.28511771122183727,0
2021-10-03,-1.930480465886422,0.117515421344903,0
2021-10-04,-0.13367045547427253,0.4806440714324671,1
2021-10-05,0.5436060688522929,0.9796219946215146,0
2021-10-06,-0.8473483453957688,0.7899848017954086,0
2021-10-07,-0.07935995187548901,0.6830078535129961,0
2021-10-08,1.280215934835452,0.5480731371297031,0
2021-10-09,0.7108010658475078,0.2133590047109437,0
2021-10-10,-0.4004227951503893,0.4410791213408404,1
2021-10-11,0.7664893952751187,0.9017681581836235,0
2021-10-12,-1.8564487252398907,0.6843894073738597,0
2021-10-13,1.4645495791084042,0.27837672109342204,0
2021-10-14,-0.2505122313202392,0.5258377571646418,0
2021-10-15,0.34986016045453927,0.41322492109761977,0
2021-10-16,0.15677442891334722,0.7141588029037953,1
2021-10-17,0.3790855269160305,0.5641421594853938,0
2021-10-18,0.10629877170136179,0.1939807170533283,0
2021-10-19,-1.1153101829850944,0.7990884799020871,1
2021-10-20,1.2627102885334864,0.1773102542285081,0
2021-10-21,-0.13483340113156098,0.531030081388424,0
2021-10-22,1.8504143346448945,0.5922198064699397,0
2021-10-23,-0.6022678309760344,0.6721803436925474,0
2021-10-24,-0.2509120132144961,0.09920020181209022,0
2021-10-25,0.6332660388441754,0.70310545259796,0
2021-10-26,-0.9398666028613754,0.6304034277232766,1
2021-10-27,-0.8368021970622274,0.279745142916053,0
2021-10-28,0.467649439253591,0.048150233113393504,0
2021-10-29,-0.5752036572397352,0.6792128195597352,0
2021-10-30,0.6126454848814429,0.19081655316662782,1
2021-10-31,1.9981262117098146,0.3022319118115203,1
2021-11-01,1.4602077294120606,0.8342590225269922,1
2021-11-02,-1.1731505832842928,0.02048770054931459,1
2021-11-03,0.14267501550334194,0.8897170783345496,0
2021-11-04,2.100526936666253,0.1695452922908105,0
2021-11-05,0.5072337280039987,0.9714661287356814,0
2021-11-06,1.4691811036471778,0.9835948742271745,0
2021-11-07,-0.1323447615744282,0.0054735866145589895,0
2021-11-08,-0.8089283127887912,0.4913583797435894,0
2021-11-09,0.8763400879452302,0.05627718064813003,1
2021-11-10,-1.3115278111155166,0.9294742116602995,0
2021-11-11,-0.7232318695075275,0.14187497575505437,1
2021-11-12,-0.2719438804526588,0.04393375826558055,1
2021-11-13,-1.4438309419894524,0.7198565721747512,0
2021-11-14,-0.6131883335383284,0.05712312470429681,0
2021-11-15,-1.4391325627503113,0.0024094337795017573,0
2021-11-16,-0.5039550237865884,0.7219265810120385,0
2021-11-17,-0.8157233403245457,0.32703485116277875,1
2021-11-18,-0.07516641679777028,0.15162184831955583,0
2021-11-19,0.6822328682576939,0.3292239091243978,0
2021-11-20,-0.7843416912423633,0.28266223321297035,1
2021-11-21,-0.9156006773267212,0.00729611777988548,0
2021-11-22,-1.057853002302743,0.2517540910056836,0
2021-11-23,0.4956724529591388,0.14075345177423537,1
2021-11-24,-1.1468899064663514,0.3553746726666859,0
2021-11-25,-1.9745729999900077,0.7616783236563303,0
2021-11-26,0.593695819230348,0.5089302334474188,0
2021-11-27,0.007452667726940658,0.3655235122039553,1
2021-11-28,-1.085430425323158,0.3047886588464296,0
2021-11-29,-0.20607067302622983,0.7931539587091281,0
2021-11-30,-0.5718321857541433,0.1841768993380951,1
2021-12-01,-1.3401587247042228,0.011828688079687733,0
2021-12-02,0.3320524290796733,0.3264598653465819,0
2021-12-03,1.2932811073792798,0.4490612805550388,0
2021-12-04,-1.0406047666750433,0.21559561769846647,0
2021-12-05,1.640090465524417,0.07804118807062077,1
2021-12-06,-1.5420782720363146,0.40813764947657116,0
2021-12-07,-1.4890467351371695,0.845640403902556,0
2021-12-08,-0.1722020426484623,0.28541299560675504,1
2021-12-09,0.9458388527797618,0.11849477090848837,1
2021-12-10,1.153402275422383,0.11382449418917906,1
2021-12-11,1.0197235112214929,0.14743534977049633,1
2021-12-12,-1.9092991361248823,0.3448001337620161,1
2021-12-13,-0.9186535688501891,0.8716017832436358,0
2021-12-14,2.433996968085772,0.4167492874737443,0
2021-12-15,1.2542494556940231,0.7940041397274271,0
2021-12-16,0.5131027702833353,0.959071347420226,1
2021-12-17,-1.041834531591516,0.3724089915688309,0
2021-12-18,-0.2622638172841512,0.36676342158300457,1
2021-12-19,0.18627101972331186,0.2080089850837088,0
2021-12-20,0.6458351521839397,0.7018289611012554,0
2021-12-21,2.2561456393459514,0.3471566056976816,0
2021-12-22,1.3182655197243192,0.9889669828461569,0
2021-12-23,-0.003261046310413139,0.6977891170118192,0
2021-12-24,-1.3431737060991353,0.01751483528385478,0
2021-12-25,0.9568963261281187,0.8823162385585008,0
2021-12-26,-0.3494935043856088,0.8567693544332352,0
2021-12-27,-0.9442966828508267,0.38605154994681934,0
2021-12-28,-0.0402221243625043,0.11611312061725487,0
2021-12-29,0.14054011966345742,0.8999844274685214,0
2021-12-30,0.3278801561177534,0.6153345355274636,0
2021-12-31,1.5011551989488652,0.8872890130352333,0
2022-01-01,0.768157408631409,0.27431713420917925,1
2022-01-02,1.5140123812304747,0.8862701104128031,0
2022-01-03,1.4003273901043858,0.7823033917937153,1
2022-01-04,1.779361772549524,0.19706112383492536,1
2022-01-05,-1.5565475256438608,0.5638849101700415,0
2022-01-06,-0.024108767733691996,0.4159861800987381,0
2022-01-07,1.1469347522150621,0.3982964164742063,0
2022-01-08,0.3801227222150708,0.260314014636281,0
2022-01-09,1.3200106868536057,0.4298915976451413,0
2022-01-10,1.1357006536576562,0.8757301924655001,0
2022-01-11,-0.5923100295381042,0.45841413680130383,0
2022-01-12,0.7868569520652301,0.19461959127201844,0
2022-01-13,0.47262146149669154,0.7889779905488292,1
2022-01-14,0.6389019131009351,0.21959337026949255,1
2022-01-15,-1.096550676029468,0.7146777331678693,0
2022-01-16,1.1345069768232474,0.05791408960204336,0
2022-01-17,1.1181702918852416,0.5639460301310998,0
2022-01-18,0.4799741337473628,0.9020366135864409,0
2022-01-19,-2.3909696401145175,0.2710757978488819,0
2022-01-20,-0.2584327292239852,0.19289650843255635,1
2022-01-21,-2.1964398619327294,0.35794920084172144,0
2022-01-22,1.1912910547244262,0.38544036324247377,0
2022-01-23,0.9337501171926441,0.6187268658015559,0
2022-01-24,0.5067189240692379,0.28435946230136533,0
2022-01-25,-0.47483225310866506,0.9319408218326193,0
2022-01-26,-0.5992992017462174,0.5057517622149409,1
2022-01-27,0.06995828627553534,0.17942267596968198,0
2022-01-28,-0.9877285877047598,0.7512086403790891,0
2022-01-29,-0.04888699390261109,0.3010498013004116,1
2022-01-30,0.5492877202280759,0.7777951952010574,0
2022-01-31,0.7145100154538849,0.01263093373188473,0
2022-02-01,0.5779593036542914,0.6991770917598393,0
2022-02-02,0.5045109632729532,0.19319736788413688,0
2022-02-03,1.6790833910358667,0.2352663480461229,0
2022-02-04,0.2246977867684191,0.34601482443723286,1
2022-02-05,0.868348992815472,0.5067343324408815,0
2022-02-06,-1.6609219094139949,0.29994427772121013,1
2022-02-07,-0.6047557664794436,0.7134186683230112,0
2022-02-08,0.4603069802297227,0.4558540545326132,0
2022-02-09,1.5443203538746955,0.3739427633753719,0
2022-02-10,-3.170007696894829,0.11408152734380228,0
2022-02-11,-0.14672295889379544,0.7284953738765672,0
2022-02-12,0.36472294054996923,0.5790303728602868,0
2022-02-13,-0.1704905437827642,0.6452636415131281,0
2022-02-14,0.8534554850414305,0.25840769270260966,0
2022-02-15,0.8690697904848587,0.07206421144577035,0
2022-02-16,0.23233506524986985,0.7353525656854855,0
2022-02-17,0.8123879656062604,0.06761527958631008,0
2022-02-18,-1.367584354301549,0.9223130737146243,0
2022-02-19,0.22825655840489253,0.16389758979935187,0
2022-02-20,-0.06679217657851065,0.9315069649977766,0
2022-02-21,-1.77927332968212,0.4272148015948587,0
2022-02-22,0.7914774091630168,0.9520754550854285,0
2022-02-23,0.9329070770040924,0.6677630776829585,1
2022-02-24,0.26916750214559704,0.05446331791676495,1
2022-02-25,-0.2479684748309092,0.9228861947040345,0
2022-02-26,0.04261208533330974,0.7534063962679916,0
2022-02-27,0.03581826748547404,0.11206111533500318,0
2022-02-28,2.378089938768843,0.04737343626668067,0
2022-03-01,0.9296475118970757,0.9801547234983717,1
2022-03-02,-1.2504177341529068,0.7552908533576596,1
2022-03-03,1.7719111239861711,0.41707156261233913,0
2022-03-04,0.2030471022091069,0.39418619185690484,0
2022-03-05,1.1128427769520501,0.8363926053867937,0
2022-03-06,0.29457586006860015,0.061615361143350755,1
2022-03-07,-0.4582265611322404,0.5747563132582335,0
2022-03-08,0.8209071205447941,0.8349044504420304,0
2022-03-09,1.3661779977443185,0.5324463794061116,1
2022-03-10,0.3114456616646769,0.03617223542565284,0
2022-03-11,0.443162082354686,0.5242302999107968,0
2022-03-12,0.8971976912177995,0.9819100925763301,0
2022-03-13,1.5804776621835548,0.8890238580148286,0
2022-03-14,1.317171955782949,0.4726783340226858,0
2022-03-15,0.33889426659943583,0.20186645653389512,0
2022-03-16,0.6592564495449811,0.9621363885242207,0
2022-03-17,0.11757975404907896,0.7244665238723063,0
2022-03-18,-1.1077183721775503,0.7599072997627808,1
2022-03-19,0.22061582618144435,0.9649897707496926,0
2022-03-20,-0.7396182888924637,0.2777186909515047,1
2022-03-21,-1.0217505460013994,0.3358807845346834,0
2022-03-22,-1.5717479902184985,0.5917874736480089,0
2022-03-23,1.2078971622791257,0.7381366800173036,0
2022-03-24,0.36995325872594,0.9812021581349557,1
2022-03-25,-0.2481303654722373,0.8503878820614521,0
2022-03-26,-0.6229778646548884,0.6241349555325628,0
2022-03-27,0.5677295597322395,0.06940799389317909,0
2022-03-28,0.6641102608446355,0.4234201768471947,0
2022-03-29,-1.6524249161254334,0.23720914205574828,0
2022-03-30,1.0373037103771108,0.5240671079495002,1
2022-03-31,1.0306237663867908,0.4872744893827292,0
2022-04-01,0.9161856580366741,0.23897813752121,1
2022-04-02,1.4525323185596635,0.611331831220122,0
2022-04-03,1.5878248564012736,0.9088789949187153,0
2022-04-04,-0.03412317947333771,0.8626391291955497,0
2022-04-05,-1.1856788522063555,0.7590922586261435,0
2022-04-06,-0.6131540614870655,0.7628545410420278,0
2022-04-07,-0.8801253010225627,0.09186670901090843,0
2022-04-08,1.8319665150752473,0.32152693638186236,0
2022-04-09,0.741932463674436,0.46251807483780716,0
2022-04-10,-0.49893139364992545,0.27747522136158065,0
2022-04-11,-0.7956947215605167,0.13463718950091008,1
2022-04-12,-0.6444475506319728,0.18342054050408685,0
2022-04-13,1.934436495184935,0.7674878135409905,0
2022-04-14,-0.07470336071337501,0.19291744973342329,0
2022-04-15,0.42355866794536756,0.6474904055422084,0
2022-04-16,-0.31352149011824776,0.847027753046729,1
2022-04-17,1.142179888537986,0.7181178204169903,1
2022-04-18,0.4569205647772762,0.16326844938686502,1
2022-04-19,0.3496703336393293,0.7413160226737393,0
2022-04-20,-1.8458386453350477,0.19840899298426362,0
2022-04-21,0.13728345633127925,0.9936572082086874,0
2022-04-22,1.3521975991597264,0.4215495349678984,0
2022-04-23,1.0963253533515924,0.31237035557132964,0
2022-04-24,-0.540127914665025,0.42356441707897985,0
2022-04-25,0.6888274354280763,0.9021552369163937,0
2022-04-26,-0.35431166638354206,0.5710503557036725,0
2022-04-27,0.3683831128913419,0.6105807512174598,0
2022-04-28,-0.5130552281674492,0.8545781387468253,0
2022-04-29,0.6913289902072668,0.10776080537908928,0
2022-04-30,-1.1657836636622847,0.4915912358817436,0
2022-05-01,0.455287698649667,0.029397914598146335,0
2022-05-02,-0.9834631189073083,0.5802921829792352,0
2022-05-03,0.8425096494392268,0.6395741687811926,0
2022-05-04,0.9739077679364563,0.0050319299463307265,0
2022-05-05,2.3638055656145642,0.18451515014591002,0
2022-05-06,0.501735394531398,0.342961929258463,1
2022-05-07,-0.12898095340979968,0.45428981015563474,0
2022-05-08,0.40972443446847795,0.12303571197814334,0
2022-05-09,-1.5811222704646815,0.013434323683221172,0
2022-05-10,-0.05141471705566628,0.20816832067169944,0
2022-05-11,0.10509017576905189,0.3412341064823825,1
2022-05-12,1.283645810131929,0.5903182498424603,1
2022-05-13,-0.20799623967728398,0.659978854310851,0
2022-05-14,1.213854634705855,0.8672200946492761,0
2022-05-15,0.8212031834898328,0.7714834989852591,1
2022-05-16,0.1581407702249586,0.2647592044339816,0
2022-05-17,1.1023393124219265,0.8580264732919413,0
2022-05-18,-1.6139127172768428,0.8042403325283315,0
2022-05-19,-0.3286360454315479,0.813250463809318,1
2022-05-20,1.2028374170430438,0.6593566058713557,0
2022-05-21,-0.2845942753805977,0.6522112794202705,0
2022-05-22,0.23750456018364,0.4660360587559116,0
2022-05-23,0.14563693562379884,0.7360847098353293,1
2022-05-24,0.5033921716044897,0.07557862764741752,0
2022-05-25,0.05205576610283581,0.5994652384134707,0
2022-05-26,0.7339270017731213,0.10951141974359058,0
2022-05-27,0.9166574003799716,0.08915643809521956,0
2022-05-28,0.8948003069243397,0.9879079942615375,0
2022-05-29,1.537490189086236,0.825760653855082,0
2022-05-30,0.508577340128333,0.34565558870301394,0
2022-05-31,-0.674905935310588,0.9510364132360946,0
2022-06-01,-1.2883872213784155,0.11710246955759473,0
2022-06-02,0.210576666058073,0.10689189424375589,0
2022-06-03,1.7028939908748923,0.9812084902668129,0
2022-06-04,0.11471426728547705,0.6701603458905182,0
2022-06-05,0.4710301211920082,0.5287268326166471,0
2022-06-06,-1.4333675880500054,0.37599030750464246,0
2022-06-07,-1.8130760003589539,0.142811064149714,0
2022-06-08,-0.9118089009434368,0.9245867211724456,0
2022-06-09,-1.3560763908323552,0.8572573522938537,0
2022-06-10,-1.2251072870419086,0.5229298044846566,0
2022-06-11,2.0242743634314175,0.6753150157498774,1
2022-06-12,0.90178047168547,0.6127186970183908,0
2022-06-13,0.3059683593976972,0.8631951978854516,0
2022-06-14,-1.8254238888685936,0.8566484836351637,0
2022-06-15,-0.36852441006728875,0.2090132941169086,0
2022-06-16,-0.6646660600321135,0.6053938131483484,0
2022-06-17,0.5707238995771213,0.21101154191055582,0
2022-06-18,1.012031769663727,0.9065627536784627,0
2022-06-19,-1.2299359619584238,0.5340023036193697,1
2022-06-20,0.3621214441899827,0.15294432940502778,1
2022-06-21,-0.33649886406256396,0.17795425350035854,0
2022-06-22,-2.286597834034584,0.7269479603943474,0
2022-06-23,0.9953160547777425,0.7247338804404483,1
2022-06-24,0.4472990269588662,0.18596033049266525,0
2022-06-25,-1.4995913236435656,0.9662762668884695,0
2022-06-26,0.3002730548700873,0.5083792890069826,0
2022-06-27,-0.36446681117504887,0.7247159777715585,0
2022-06-28,-0.6356008034137357,0.9322149255161285,1
2022-06-29,0.49978245473375515,0.24327288181990891,0
2022-06-30,1.2248138058203213,0.43898843783445574,0
2022-07-01,1.201124974318174,0.02432227208440274,0
2022-07-02,-0.3706592500113993,0.035405397347892276,0
2022-07-03,-0.4509743583682384,0.8602671412629314,0
2022-07-04,-0.24755850201529106,0.5370969214014115,0
2022-07-05,-0.2078003545941564,0.7147016632830971,0
2022-07-06,-1.5806859140867997,0.0489841924431349,0
2022-07-07,1.123021182489451,0.319521584841172,1
2022-07-08,0.24729540706243405,0.7096063978533892,0
2022-07-09,-0.43005806686796527,0.1756093720377082,0
2022-07-10,-0.9510377706948743,0.9450178774435917,0
2022-07-11,-1.5913861544589,0.4606827293680086,1
2022-07-12,0.8578777971662885,0.5477118779220526,0
2022-07-13,-0.9031968095730999,0.1869702496291643,0
2022-07-14,-0.05995753489794631,0.25661872109315165,0
2022-07-15,-0.37838850119463385,0.2327905520587089,0
2022-07-16,-0.6879652708536584,0.5948203621707785,0
2022-07-17,-1.3616030743217975,0.923880305736791,0
2022-07-18,0.4092713817828272,0.8939995218969372,0
2022-07-19,0.38200723556465166,0.8647723688492084,0
2022-07-20,0.8583593841832676,0.011916659576086452,0
2022-07-21,-0.3348975139252177,0.28170621468828183,0
2022-07-22,-0.05223349170918768,0.9578009499129891,1
2022-07-23,-0.06196291112023195,0.4012941078698127,0
2022-07-24,0.799587374647771,0.693240622828572,1
2022-07-25,-0.8517499709133407,0.051023389788145246,0
2022-07-26,-1.427328513843144,0.5874343655024499,0
2022-07-27,-1.1568898286888163,0.5228778012001871,0
2022-07-28,0.6915914155671313,0.9434342903560449,0
2022-07-29,-1.2401556581037714,0.6248593410051816,1
2022-07-30,-0.05928445632727093,0.7577513824521603,1
2022-07-31,1.0645059549456526,0.11875131124724148,0
2022-08-01,0.8072272439810805,0.653547680650722,1
2022-08-02,-0.4591844200678251,0.9697531937905769,0
2022-08-03,-1.4731773463850468,0.1926399940446617,0
2022-08-04,-0.32641159903842054,0.08895027611382134,0
2022-08-05,-0.05812309289647385,0.021566073235011363,1
2022-08-06,-1.4090802801088216,0.45313040692863094,1
2022-08-07,-0.48039435437726574,0.026933764844398356,0
2022-08-08,0.9111735486471371,0.7341506799437211,0
2022-08-09,0.15913131480660386,0.05807601897435832,0
2022-08-10,1.8648623502380084,0.9427346433089308,1
2022-08-11,-1.589353639583907,0.5128366994893209,0
2022-08-12,-0.3561756329333394,0.8404373300266246,0
2022-08-13,-0.7149996065051366,0.13744376579062256,0
2022-08-14,0.3845914577215809,0.6194079480126403,0
2022-08-15,0.20065987788683212,0.5788855031486491,0
2022-08-16,0.7277330417378716,0.437219655109113,0
2022-08-17,0.9218837133538249,0.8093109499917114,1
2022-08-18,-0.811384251321616,0.7166278104159335,0
2022-08-19,-0.34404396106782414,0.9871532947373557,0
2022-08-20,-2.076838175773917,0.12151042069111506,0
2022-08-21,0.1304522031346121,0.6739032704317236,0
2022-08-22,1.7373002669177313,0.740993806614887,0
2022-08-23,-0.23684868471465306,0.5228576841503617,1
2022-08-24,0.10047985159116815,0.5237266426718394,0
2022-08-25,-0.06801353862604427,0.4119001447317876,0
2022-08-26,1.9505732296667966,0.3687757450158642,0
2022-08-27,1.198005781942712,0.9958476946039707,0
2022-08-28,2.6251931137279496,0.9406005937602429,0
2022-08-29,0.1162660114771398,0.11037329856100153,0
2022-08-30,0.11530638103277237,0.9453197055494218,0
2022-08-31,-0.681958599937109,0.8596537482660042,0
2022-09-01,0.28178884579705304,0.46265451805645874,0
2022-09-02,-0.38528830136165954,0.8488801668994616,0
2022-09-03,-0.7281049888502041,0.8305027130171068,1
2022-09-04,-1.0776370340738686,0.5594664330838548,1
2022-09-05,0.1112067837048385,0.34567790857433334,0
2022-09-06,-0.02145120331075213,0.9840133099864814,0
2022-09-07,-1.4305489219255896,0.7850200051863649,0
2022-09-08,1.5348504872863946,0.21207159298288858,0
2022-09-09,-0.9889940973495794,0.7706238581796614,0
2022-09-10,0.9573786707732342,0.6038644738257258,1
2022-09-11,1.1387258145310502,0.3418564268818435,0
2022-09-12,0.3521325312195118,0.37713582178654026,0
2022-09-13,0.2217570245427133,0.40255206521964493,0
2022-09-14,0.5812208116502424,0.19406140372201386,1
2022-09-15,0.3544332607627597,0.6859385900689532,0
2022-09-16,-0.7482986727819003,0.7019549383862241,0
2022-09-17,-0.4774118888923822,0.5320095188727472,0
2022-09-18,0.6584121619730368,0.1889925887277999,0
2022-09-19,-0.4236201030603348,0.8182756138569041,1
2022-09-20,2.1773705028954127,0.9049365091262755,0
2022-09-21,-0.27649947705409805,0.3144172176586253,1
2022-09-22,2.361912945174233,0.3346292113385275,0
2022-09-23,0.22420312241585816,0.7929240236092793,0
2022-09-24,-2.246811720926671,0.08477313461469338,1
2022-09-25,0.7425804911917463,0.6508505148123712,1
2022-09-26,-0.779339002623144,0.19548485078971278,0
